Workbook

Sheet Task List
A1: Task ID | B1: Task | C1: Deadline | D1: Effort (hrs) | E1: Importance | F1: Priority note | G1: Category | H1: Planned date | I1: Planned start | J1: Planned end | K1: Actual hours | L1: Status | M1: Completed date | N1: Overdue flag | O1: Notes
A2: T01 | B2: Complete capstone task list and setup | C2: 46321 | D2: 1 | E2: High | F2: Important; schedule early | G2: Planning | L2: Not started | N2: =IF(AND(C2<TODAY(),L2<>"Completed"),"Overdue","") | O2: Illustrative sample; confirm task and deadline
A3: T02 | B3: Review Subject A — Unit 1 | C3: 46321 | D3: 2 | E3: High | F3: Urgent + important | G3: Study | L3: Not started | N3: =IF(AND(C3<TODAY(),L3<>"Completed"),"Overdue","") | O3: Illustrative sample; confirm task and deadline
A4: T03 | B4: Programming practice set | C4: 46322 | D4: 2 | E4: High | F4: Urgent + important | G4: Coding | L4: Not started | N4: =IF(AND(C4<TODAY(),L4<>"Completed"),"Overdue","") | O4: Illustrative sample; confirm task and deadline
A5: T04 | B5: Draft assignment | C5: 46322 | D5: 2 | E5: High | F5: Urgent + important | G5: Assignment | L5: Not started | N5: =IF(AND(C5<TODAY(),L5<>"Completed"),"Overdue","") | O5: Illustrative sample; confirm task and deadline
A6: T05 | B6: Revise Subject B — Unit 2 | C6: 46323 | D6: 1.5 | E6: High | F6: Important; near deadline | G6: Study | L6: Not started | N6: =IF(AND(C6<TODAY(),L6<>"Completed"),"Overdue","") | O6: Illustrative sample; confirm task and deadline
A7: T06 | B7: Complete database lab exercise | C7: 46323 | D7: 2 | E7: High | F7: Urgent + important | G7: Lab | L7: Not started | N7: =IF(AND(C7<TODAY(),L7<>"Completed"),"Overdue","") | O7: Illustrative sample; confirm task and deadline
A8: T07 | B8: Research weekly-planning methods | C8: 46323 | D8: 1 | E8: Medium | F8: Important; bounded research | G8: Research | L8: Not started | N8: =IF(AND(C8<TODAY(),L8<>"Completed"),"Overdue","") | O8: Illustrative sample; confirm task and deadline
A9: T08 | B9: Create project workflow diagram | C9: 46324 | D9: 1.5 | E9: High | F9: Important project milestone | G9: Project | L9: Not started | N9: =IF(AND(C9<TODAY(),L9<>"Completed"),"Overdue","") | O9: Illustrative sample; confirm task and deadline
A10: T09 | B10: Mathematics problem set | C10: 46324 | D10: 2 | E10: High | F10: Urgent + important | G10: Study | L10: Not started | N10: =IF(AND(C10<TODAY(),L10<>"Completed"),"Overdue","") | O10: Illustrative sample; confirm task and deadline
A11: T10 | B11: Revise Subject A — Unit 2 | C11: 46324 | D11: 1.5 | E11: Medium | F11: Important; schedule | G11: Study | L11: Not started | N11: =IF(AND(C11<TODAY(),L11<>"Completed"),"Overdue","") | O11: Illustrative sample; confirm task and deadline
A12: T11 | B12: Complete weekly assignment | C12: 46325 | D12: 2 | E12: High | F12: Urgent + important | G12: Assignment | L12: Not started | N12: =IF(AND(C12<TODAY(),L12<>"Completed"),"Overdue","") | O12: Illustrative sample; confirm task and deadline
A13: T12 | B13: Practise five coding problems | C13: 46325 | D13: 2 | E13: High | F13: Important practice | G13: Coding | L13: Not started | N13: =IF(AND(C13<TODAY(),L13<>"Completed"),"Overdue","") | O13: Illustrative sample; confirm task and deadline
... A26: T25 | B26: Weekly review and next-week planning | C26: 46327 | D26: 0.5 | E26: Medium | F26: Close-out and reflection | G26: Review | L26: Not started | N26: =IF(AND(C26<TODAY(),L26<>"Completed"),"Overdue","") | O26: Illustrative sample; confirm task and deadline

Sheet Dashboard
A1: Metric | B1: Value | C1: How to interpret
A2: Tasks in list | B2: =COUNTA('Task List'!A2:A26) | C2: Should be 25 after task list is finalised
A3: Completed tasks | B3: =COUNTIF('Task List'!L2:L26,"Completed") | C3: Count only tasks marked Completed
A4: Task completion rate | B4: =IFERROR(B3/B2,0) | C4: Format as percentage; only meaningful after tracking
A5: Total estimated effort | B5: =SUM('Task List'!D2:D26) | C5: Illustrative list total
A6: Actual hours recorded | B6: =SUM('Task List'!K2:K26) | C6: Enter actual time after work
A7: Tasks overdue | B7: =COUNTIF('Task List'!N2:N26,"Overdue") | C7: Check date values and completion status
A8: Week starting | B8: 46321 | C8: Change to actual experiment week
